{"cameraMode":{"drawMode":0,"name":"Shaded","section":"Shading Mode"},"sceneLighting":true,"audioPlay":false,"sceneViewState":{"m_AlwaysRefresh":false,"showFog":true,"showSkybox":true,"showFlares":true,"showImageEffects":true,"showParticleSystems":true,"showVisualEffectGraphs":true,"m_FxEnabled":true},"in2DMode":false,"pivot":{"x":-0.12347743660211563,"y":2.709850311279297,"z":15.640874862670899},"rotation":{"x":0.014672020450234414,"y":-0.048877570778131488,"z":-0.000717631250154227,"w":-0.9987016916275024},"size":7.33267879486084,"orthographic":false}